name;film_id
Documentary;1
Horror;2
Documentary;3
Horror;4
Family;5
Foreign;6
Comedy;7
Horror;8
Horror;9
Sports;10
Foreign;11
Music;12
Horror;13
Classics;14
Foreign;15
Foreign;16
Music;17
Animation;18
Action;19
Music;20
Action;21
New;22
Animation;23
Horror;24
New;25
Sci-Fi;26
Sports;27
Comedy;28
Action;29
Horror;30
Family;31
New;32
Drama;33
Horror;34
Horror;35
Animation;36
Classics;37
Action;38
Sci-Fi;39
Documentary;40
Travel;41
Sports;42
Family;43
Sci-Fi;44
New;45
Games;46
Foreign;47
Children;48
Sci-Fi;49
Family;50
Music;51
Foreign;52
Family;53
Music;54
Sci-Fi;55
Action;56
Travel;57
Documentary;58
Children;59
Classics;60
Drama;61
Documentary;62
Family;63
Drama;64
Horror;65
Children;66
Action;67
Children;68
Sci-Fi;69
Animation;70
Family;71
Documentary;72
Sci-Fi;73
Music;74
Travel;75
Music;76
New;77
Animation;78
Drama;79
Family;80
Sci-Fi;81
Family;82
Family;83
Travel;84
Documentary;85
Music;86
Travel;87
Travel;88
Animation;89
New;90
Classics;91
Horror;92
New;93
Family;94
New;95
New;96
Action;97
Drama;98
Comedy;99
Foreign;100
Documentary;101
Sports;102
Travel;103
Foreign;104
Action;105
Games;106
Drama;107
New;108
New;109
Children;110
Action;111
Foreign;112
Sports;113
Sci-Fi;114
Action;115
Classics;116
Games;117
Animation;118
Comedy;119
Sports;120
Animation;121
Horror;122
Travel;123
Children;124
Travel;125
Action;126
Comedy;127
Foreign;128
Documentary;129
Action;130
Classics;131
Sci-Fi;132
Music;133
Animation;134
Sports;135
New;136
Sci-Fi;137
Sci-Fi;138
Family;139
Sci-Fi;140
Games;141
Documentary;142
Drama;143
New;144
Family;145
Drama;146
Family;147
Foreign;148
Children;149
Documentary;150
Sci-Fi;151
Children;152
Sci-Fi;153
Animation;154
New;155
Documentary;156
Children;157
Music;158
Comedy;159
Animation;160
Music;161
Action;162
New;163
Documentary;164
Sci-Fi;165
Classics;166
Travel;167
Children;168
Travel;169
Foreign;170
Horror;171
Drama;172
Drama;173
Music;174
Family;175
Sports;176
Sci-Fi;177
Comedy;178
Drama;179
Classics;180
Travel;181
Comedy;182
Family;183
Classics;184
Foreign;185
Drama;186
Sports;187
Comedy;188
Games;189
Classics;190
Children;191
Foreign;192
Animation;193
Action;194
Sci-Fi;195
Classics;196
Sports;197
Foreign;198
Documentary;199
Games;200
Foreign;201
Comedy;202
Sci-Fi;203
Drama;204
Action;205
Documentary;206
Foreign;207
Animation;208
Drama;209
Action;210
Games;211
Action;212
Family;213
Children;214
Games;215
New;216
Games;217
Drama;218
Documentary;219
Music;220
Documentary;221
Horror;222
Animation;223
Travel;224
Drama;225
New;226
Games;227
Classics;228
Action;229
Drama;230
Family;231
Games;232
Travel;233
Sci-Fi;234
Sci-Fi;235
Games;236
Sports;237
Children;238
Animation;239
Sci-Fi;240
Animation;241
Comedy;242
Animation;243
Music;244
Animation;245
Foreign;246
Comedy;247
Documentary;248
Classics;249
Action;250
New;251
Action;252
Action;253
Sports;254
Music;255
Sports;256
Travel;257
Horror;258
Animation;259
Sports;260
Documentary;261
Family;262
Sports;263
Games;264
Comedy;265
Classics;266
New;267
Animation;268
Family;269
New;270
Action;271
Drama;272
Family;273
Documentary;274
Horror;275
Comedy;276
Horror;277
Music;278
Sports;279
Children;280
Games;281
Drama;282
New;283
Music;284
Sci-Fi;285
Travel;286
Action;287
Travel;288
New;289
Foreign;290
Sports;291
Action;292
Sports;293
Travel;294
Documentary;295
Sci-Fi;296
Classics;297
Sci-Fi;298
Travel;299
Animation;300
Horror;301
Games;302
Action;303
Children;304
New;305
Games;306
Travel;307
Comedy;308
Family;309
Games;310
Foreign;311
Sci-Fi;312
Horror;313
Animation;314
Family;315
Games;316
Comedy;317
Action;318
Sci-Fi;319
New;320
New;321
Sports;322
Sports;323
Comedy;324
Animation;325
Animation;326
Action;327
Children;328
Action;329
Animation;330
Games;331
Comedy;332
Music;333
Horror;334
Comedy;335
Documentary;336
Foreign;337
Sci-Fi;338
Travel;339
New;340
Classics;341
Travel;342
Children;343
Children;344
Family;345
Classics;346
Travel;347
Family;348
Animation;349
Sci-Fi;350
Horror;351
Games;352
Foreign;353
Children;354
Animation;355
Children;356
Classics;357
Classics;358
Family;359
Action;360
Sports;361
Games;362
Music;363
New;364
Comedy;365
Drama;366
Sci-Fi;367
Drama;368
Sci-Fi;369
Children;370
Action;371
Sports;372
Children;373
Sci-Fi;374
Action;375
Foreign;376
Family;377
Music;378
Drama;379
Foreign;380
Games;381
Games;382
Sports;383
Music;384
Comedy;385
Travel;386
Games;387
Comedy;388
Sports;389
Sci-Fi;390
Family;391
Children;392
Documentary;393
Sci-Fi;394
Action;395
Drama;396
Sci-Fi;397
Music;398
Foreign;399
Documentary;400
Drama;401
Animation;402
Drama;403
Comedy;404
Travel;405
Games;406
Documentary;407
Games;408
Children;409
Comedy;410
Music;411
Documentary;412
Comedy;413
Foreign;414
Horror;415
Foreign;416
Action;417
Drama;418
Family;419
Sports;420
Foreign;421
Sci-Fi;422
Children;423
Children;424
Classics;425
Music;426
Documentary;427
Family;428
Sports;429
Animation;430
Foreign;431
Classics;432
Animation;433
Travel;434
Foreign;435
New;436
Family;437
Games;438
Drama;439
Foreign;440
Documentary;441
Family;442
Comedy;443
Comedy;444
Classics;445
Sports;446
Games;447
New;448
Sci-Fi;449
Children;450
Travel;451
Foreign;452
Sports;453
Music;454
Foreign;455
Animation;456
Documentary;457
Family;458
Foreign;459
Foreign;460
Animation;461
Music;462
Sports;463
Animation;464
New;465
Documentary;466
Foreign;467
Children;468
Classics;469
Animation;470
Classics;471
Travel;472
Drama;473
Sports;474
Horror;475
Family;476
Music;477
Comedy;478
Family;479
Classics;480
New;481
Classics;482
Games;483
Classics;484
Children;485
Foreign;486
Classics;487
Sports;488
Animation;489
New;490
Children;491
New;492
Foreign;493
Horror;494
Horror;495
Travel;496
Documentary;497
Family;498
Family;499
Foreign;500
Action;501
Comedy;502
Sports;503
Drama;504
Children;505
Horror;506
Games;507
Games;508
Children;509
Animation;510
Action;511
Classics;512
Travel;513
Drama;514
Children;515
Music;516
Sports;517
Travel;518
Sports;519
Sci-Fi;520
Drama;521
Comedy;522
Classics;523
Comedy;524
Classics;525
Travel;526
Horror;527
Family;528
Comedy;529
Action;530
Foreign;531
Sports;532
Foreign;533
Family;534
Horror;535
Classics;536
Classics;537
New;538
Drama;539
Music;540
Animation;541
Action;542
Travel;543
Documentary;544
Foreign;545
Games;546
Children;547
Classics;548
Action;549
Family;550
New;551
Documentary;552
Children;553
Classics;554
Comedy;555
Games;556
Family;557
New;558
Sci-Fi;559
Games;560
New;561
Music;562
Games;563
Animation;564
Foreign;565
Foreign;566
Foreign;567
Comedy;568
Animation;569
Sports;570
Documentary;571
Sci-Fi;572
Children;573
Action;574
Documentary;575
Documentary;576
Sports;577
Classics;578
Action;579
New;580
Music;581
Animation;582
Animation;583
Foreign;584
Drama;585
Action;586
Documentary;587
Children;588
Documentary;589
New;590
Games;591
Music;592
Horror;593
Action;594
Foreign;595
Games;596
Games;597
Sports;598
Sports;599
Horror;600
Travel;601
Sci-Fi;602
Family;603
Comedy;604
Foreign;605
Sports;606
Foreign;607
Children;608
Travel;609
Family;610
Classics;611
Sports;612
Comedy;613
Games;614
Animation;615
Documentary;616
Family;617
Drama;618
Sports;619
Sci-Fi;620
Family;621
Documentary;622
Foreign;623
Games;624
Sci-Fi;625
Children;626
Documentary;627
Sports;628
Documentary;629
Drama;630
Sports;631
New;632
Classics;633
Family;634
New;635
Music;636
Sci-Fi;637
Comedy;638
Family;639
Foreign;640
Foreign;641
Travel;642
Drama;643
Animation;644
Travel;645
Games;646
Music;647
Travel;648
Animation;649
Documentary;650
Animation;651
Classics;652
Horror;653
Games;654
Sci-Fi;655
Travel;656
Comedy;657
Horror;658
Action;659
Comedy;660
Foreign;661
Drama;662
Classics;663
Action;664
Horror;665
Drama;666
Sports;667
Sports;668
Foreign;669
Documentary;670
Sports;671
Comedy;672
Music;673
Foreign;674
New;675
Sports;676
New;677
Sports;678
Family;679
Comedy;680
Sports;681
Family;682
Drama;683
Games;684
New;685
New;686
Documentary;687
Children;688
Foreign;689
Animation;690
Sports;691
Animation;692
Animation;693
Classics;694
Family;695
Animation;696
Action;697
Documentary;698
Games;699
Family;700
Games;701
Horror;702
Animation;703
Comedy;704
Foreign;705
Drama;706
Action;707
Documentary;708
Drama;709
Family;710
Sci-Fi;711
Documentary;712
Documentary;713
Sci-Fi;714
Family;715
Horror;716
Action;717
Music;718
Sports;719
New;720
Music;721
Horror;722
Sci-Fi;723
Family;724
Classics;725
Foreign;726
Family;727
Drama;728
Sports;729
New;730
Classics;731
Action;732
Sports;733
Documentary;734
Children;735
Family;736
Horror;737
Foreign;738
Drama;739
Horror;740
Music;741
Games;742
Animation;743
Classics;744
Sports;745
Games;746
Games;747
Action;748
Horror;749
New;750
New;751
Music;752
Family;753
Comedy;754
Children;755
Comedy;756
Documentary;757
Drama;758
New;759
New;760
Children;761
Games;762
Sports;763
Sports;764
Comedy;765
Drama;766
Music;767
Children;768
Foreign;769
Foreign;770
Drama;771
Drama;772
Sports;773
Comedy;774
Drama;775
Documentary;776
Sports;777
Family;778
Sports;779
Family;780
Games;781
Sports;782
Travel;783
Travel;784
Travel;785
Children;786
Travel;787
Documentary;788
Foreign;789
Drama;790
Documentary;791
Foreign;792
Action;793
Action;794
Family;795
Sports;796
Music;797
Sci-Fi;798
Horror;799
Horror;800
Children;801
Action;802
Drama;803
Horror;804
Animation;805
New;806
Games;807
Classics;808
Sports;809
Family;810
Travel;811
Documentary;812
Sports;813
Comedy;814
Classics;815
Animation;816
Sci-Fi;817
Drama;818
Music;819
Animation;820
Foreign;821
Family;822
Action;823
Family;824
Action;825
Travel;826
Drama;827
Classics;828
Family;829
Horror;830
Sci-Fi;831
Family;832
Children;833
Documentary;834
Games;835
Sports;836
Comedy;837
Action;838
Sci-Fi;839
Games;840
Sports;841
Games;842
Classics;843
Sports;844
Foreign;845
New;846
New;847
Travel;848
Animation;849
Action;850
Sports;851
Children;852
Children;853
Horror;854
Documentary;855
Horror;856
Comedy;857
Comedy;858
Animation;859
Sci-Fi;860
Games;861
Classics;862
Sci-Fi;863
Children;864
Animation;865
Family;866
Family;867
Travel;868
Action;869
Horror;870
Comedy;871
Travel;872
Children;873
Classics;874
Sports;875
Horror;876
Music;877
Travel;878
Music;879
Animation;880
Horror;881
Drama;882
Children;883
Music;884
Horror;885
Animation;886
Animation;887
Documentary;888
Children;889
Sports;890
Classics;891
Animation;892
Sci-Fi;893
Travel;894
Classics;895
Children;896
Drama;897
Sports;898
Classics;899
Foreign;900
Animation;901
Sports;902
Travel;903
Horror;904
Comedy;905
Comedy;906
Drama;907
Foreign;908
Horror;909
Drama;910
Action;911
Sci-Fi;912
New;913
Travel;914
Action;915
Animation;916
Sports;917
Children;918
Games;919
New;920
Music;921
Horror;922
Drama;923
Sci-Fi;924
Documentary;925
Documentary;926
Action;927
Children;928
Foreign;929
Sci-Fi;930
Travel;931
Comedy;932
New;933
Games;934
New;935
Music;936
New;937
Comedy;938
Comedy;939
Sports;940
Games;941
Drama;942
Documentary;943
Drama;944
Documentary;945
Family;946
Foreign;947
New;948
Games;949
Classics;950
Classics;951
Documentary;952
Animation;953
New;954
Children;955
Games;956
Foreign;957
Drama;958
Children;959
Documentary;960
Foreign;961
Classics;962
Animation;963
Action;964
Horror;965
Documentary;966
Sci-Fi;967
Action;968
Drama;969
Classics;970
Foreign;971
Sci-Fi;972
Documentary;973
New;974
Family;975
Games;976
Travel;977
Comedy;978
Drama;979
Music;980
Travel;981
Action;982
Music;983
Foreign;984
Sci-Fi;985
Animation;986
Music;987
Travel;988
Travel;989
Horror;990
Action;991
Documentary;992
Children;993
New;994
Horror;995
Documentary;996
Music;997
Horror;998
Children;999
Comedy;1000
